SNo,Class Name,GPT3 discription
0,swinging baseball bat,"

Swinging a baseball bat is an action performed by a human in which they hold the bat at the handle and swing it in an arc-like motion in order to hit a ball. The motion typically begins with the bat held behind the body and then swung forward in a powerful motion,"
0,playing ocarina,"

Playing the ocarina is an action performed by a person using their hands to produce music. It involves pressing and releasing the finger holes on the instrument to create different notes. The player must also use their breath to blow air into the instrument to produce a sound. The ocarina is"
0,land sailing,"

Land sailing is an activity that involves propelling a three-wheeled vehicle across land using a sail. The vehicle is usually a modified go-kart or beach buggy, and the sail is typically a large triangular sail, similar to a sailboat's mainsail. The vehicle is"
0,poking bellybutton,"

Poking bellybutton is an action performed by humans, usually done for fun. It involves pressing a finger or other object into the navel area, usually resulting in a ticklish sensation."
0,doing jigsaw puzzle,"

Doing a jigsaw puzzle is a fun and challenging activity that can be performed by people of all ages. It involves sorting pieces of a puzzle into their correct positions to create a complete picture. The pieces of the puzzle are usually cut in various shapes and sizes, making it a difficult task"
0,battle rope training,"

Battle rope training is an action performed by humans that involves swinging and slamming two long ropes against the ground in a rhythmic motion. The goal of battle rope training is to improve muscular endurance, strength, and power. It is often used as a form of HIIT (High-Intensity"
0,opening wine bottle,"

Opening a wine bottle is an action typically performed by humans using a corkscrew. The user typically inserts the corkscrew into the cork and twists it until the cork is drawn out of the bottle. Once the cork is removed, the bottle can be opened and the wine"
0,throwing water balloon,"

Throwing a water balloon is an action performed by humans that involves taking a filled balloon and throwing it at a target. The target can be a person, an object, or even the ground. The water balloon can be filled with water, paint, or even confetti. It is a"
0,changing wheel (not on bike),"

Changing a wheel is the process of replacing an old or damaged wheel with a new one. It involves removing the old wheel, installing the new wheel, and making sure it is securely attached to the vehicle. This process requires some knowledge of how the wheel is attached, as well as the right"
0,fencing (sport),"

Fencing is a sport that involves two opponents engaging in a physical duel with swords or foils. The goal is to score points by striking the opponent with the sword or foil. Fencing requires physical agility, coordination, and quick reflexes, as well as the ability to think strategically and"
0,scrapbooking,"

Scrapbooking is a creative activity that involves collecting, organizing, and preserving personal memories and photos in the form of a scrapbook. It involves selecting photos, memorabilia, and other items that are meaningful to the individual and arranging them in an aesthetically pleasing way. Scrapbook"
0,tagging graffiti,"

Tagging graffiti is an artistic expression that involves the use of spray paint or markers to create images or words on walls, buildings, and other surfaces. It is often seen as a form of vandalism, but can also be used as a form of self-expression. It is typically performed by"
0,jumping jacks,"

Jumping jacks are a type of aerobic exercise that involve jumping with your feet spread wide and your arms raised above your head. It is typically performed in a standing position with your feet together and your arms at your sides. As you jump, you simultaneously spread your feet apart and raise your"
0,bottling,"

Bottling is an action performed by humans in which a liquid or material is poured into a container, usually with a lid or cap, for storage or transport. This can be done manually or through a machine. Bottling is used for a variety of products, including food, beverages, chemicals"
0,capsizing,"

Capsizing is an action performed by humans when a boat or ship tips over due to an imbalance of weight, instability, or strong winds and waves. This can cause the vessel to completely overturn, partially submerge, or just become unstable and difficult to maneuver. Capsizing can be dangerous"
0,playing lute,"

Playing the lute is an ancient stringed instrument that is plucked or strummed with the fingers. It is a popular instrument in many genres of music, including classical, folk, and traditional music. Playing the lute requires skill and practice, as the strings must be tuned to"
0,cracking back,"

Cracking back is a technique used by human beings to manipulate the spine and other joints in the body. It is a form of manual therapy that involves applying a controlled and gentle force to a joint in order to restore motion and reduce pain. It is commonly used to treat joint pain and stiffness"
0,embroidering,"

Embroidering is a craft that involves stitching decorative designs onto fabric using a needle and thread. It is often used to embellish clothing, accessories, and home decor items. Embroidery can be done by hand or machine, and involves a variety of techniques such as cross-"
0,rope pushdown,"

Rope Pushdown is an exercise that targets the muscles of the upper back and arms. It involves gripping a rope attached to a cable machine and pushing it down with your arms extended. The exercise is typically performed for sets of 8-12 repetitions and can be used to build strength and"
0,wading through water,"

Wading through water is an action performed by humans in which they slowly walk through a body of water, such as a stream or a shallow lake. This activity can be used to cross a body of water or to explore the area. It requires some strength and balance, as the water can"
0,playing field hockey,"

Field hockey is a team sport played by two teams of 11 players using sticks to hit a small, hard ball into the opposing team's goal. It is an aerobic activity that requires players to run, sprint, and jump in order to keep up with the fast-paced game. Players must"
0,sausage making,"

Sausage making is the process of combining ground meat, spices, and other ingredients to form a cylindrical shaped product. This process is typically performed by hand, using a variety of tools to mix the ingredients, stuff the mixture into a casing, and link the sausages together"
0,licking,"

Licking is an action performed by humans that involves running the tongue over a surface. It can be used to taste, clean, or moisten something. Licking is commonly used to taste food or drink, but can also be used to clean or moisten a surface, such as the"
0,watching tv,"

Watching TV is an activity that involves sitting in front of a television set and engaging with the programming being broadcast. It can involve actively following a show, movie, or sporting event, or simply having the TV on in the background for background noise. It is a popular pastime for people"
0,pouring beer,"

Pouring beer is an action performed by humans to fill a glass or mug with beer from a bottle or tap. It is typically done by tilting the container and pouring the beer in a steady stream. This action can also be used to fill a pitcher or other container with beer. P"
0,historical reenactment,"

Historical reenactment is an activity in which people recreate historical events, scenes, or activities for the purpose of educating and entertaining an audience. Reenactors dress in period-accurate clothing and use authentic or replica props and weapons to recreate battles, ceremonies, and other events"
0,building lego,"

Building Lego is an action performed by humans that involves assembling interlocking plastic blocks and other pieces to create structures, vehicles, and other objects. It requires creative thinking, problem-solving, and spatial reasoning skills. Lego pieces come in a variety of shapes, sizes, and colors, and"
0,shucking oysters,"

Shucking oysters is a process of opening an oyster shell to extract the meat inside. It involves using an oyster knife to pry open the two halves of the shell, then carefully cutting the adductor muscle that holds the two halves together. Once the muscle is cut,"
0,using inhaler,"

Using an inhaler is a medical action performed by humans to deliver medication directly into the lungs. The inhaler contains the medication in a pressurized canister which, when activated, releases a fine mist of the medication into the user's mouth and throat. Inhalers are most commonly used"
0,playing darts,"

Darts is a popular game that involves throwing small, sharp-tipped missiles, called darts, at a circular target, called a dartboard. The game is typically played by two or more people in a pub or bar, but can also be played in the home. The object of"
0,clam digging,"

Clam digging is an activity performed by humans to collect clams from the ocean floor. It involves using a shovel or rake to dig into the sand and mud to find and harvest clams. The activity is often done in shallow water along the shoreline or in deeper waters with the help"
0,raising eyebrows,"

Raising eyebrows is a facial expression which is performed by humans to express various emotions. It is usually done by arching both eyebrows upwards and can be used to express surprise, skepticism, disbelief, or confusion. It can also be used to convey a playful or flirtatious attitude."
0,wading through mud,"

Wading through mud is an action performed by humans which involves walking through a thick, wet, and slippery mud. It can be a difficult and tiring task, as it requires considerable effort to move each leg through the mud. The mud can also be very sticky, making it difficult to"
0,tiptoeing,"

Tiptoeing is an action performed by humans, usually to move quietly or discreetly. It involves lifting the feet off the ground and placing them down lightly, one after the other, in order to make minimal noise. Tiptoeing is often used when trying to sneak around or"
0,photobombing,"

Photobombing is an action performed by a person in which they intentionally enter a photo without the knowledge of the photographer or the subjects of the photograph. It is usually done as a prank or joke in order to add an element of surprise or humor to the photo."
0,laying concrete,"

Laying concrete is a process of installing a concrete slab or structure by preparing the area, mixing and pouring the concrete, and then smoothing and finishing the surface. It requires a variety of tools and materials, including a shovel, wheelbarrow, concrete mixing tools, trowels,"
0,dyeing hair,"

Dyeing hair is a process of coloring the hair with a chemical or natural dye. It is a popular way for people to change their hair color and can be done either at home or in a salon. Hair dyeing involves applying the dye to the hair and then allowing it to process"
0,fly tying,"

Fly tying is a craft that involves the use of thread, feathers, fur, and other materials to create artificial lures for anglers to use in fly fishing. The process involves the tying of a variety of materials to a hook or other foundation to create a fly that imitates the natural"
0,playing dominoes,"

Dominoes is a game that is played by two or more players. It is played with a set of 28 tiles, each of which has a number of pips (dots) on it. The objective of the game is to match the tiles in a player's hand with those"
0,getting a piercing,"

Getting a piercing is an action performed by humans in which a small hole is made in the body and jewelry is inserted into the hole. This is usually done for aesthetic or cultural purposes, and can be done on different parts of the body such as the ears, nose, eyebrow, lip,"
0,polishing metal,"

Polishing metal is an action performed by humans to improve the appearance and texture of a metal surface. It typically involves the use of abrasive materials such as polishing compounds, buffing pads, or steel wool, along with various tools such as polishing machines, hand-held rotary"
0,flint knapping,"

Flint knapping is a traditional craft that has been used by humans since the Stone Age. It involves the shaping of stone tools and weapons by striking them with another stone or hard object. This technique is used to produce a variety of tools and weapons, such as arrowheads, knives,"
0,playing rubiks cube,"

Playing Rubik's cube is an action performed by humans to solve a 3D combination puzzle. It involves manipulating a cube composed of smaller cubes, each of which has six faces with different colors. The goal is to match all the colors on each face of the cube. To do this,"
0,lock picking,"

Lock picking is an action performed by humans to open a lock without the use of a key. It is a skill that requires practice and patience, as well as a variety of specialized tools. Lock picking can be used to gain access to locked doors, cabinets, safes, and other locked"
0,using a wrench,"

A wrench is a tool used to tighten or loosen nuts and bolts. It is used by gripping the handle and turning it in a circular motion. The end of the wrench is usually shaped to fit the head of the nut or bolt being worked on. Wrenches come in a variety of shapes"
0,ironing hair,"

Ironing hair is a styling technique used to straighten and smooth the hair. It is usually done with a flat iron or a hot comb. The heat from the iron or comb is used to break down the bonds in the hair, making it easier to straighten. Ironing the hair"
0,throwing snowballs,"

Throwing snowballs is an action performed by humans that involves taking a handful of snow and throwing it at a target. It can be done as a game, for fun, or to make a point. It can be done with varying degrees of force and accuracy depending on the person throwing the"
0,casting fishing line,"

Casting a fishing line is an action performed by humans to cast a fishing line out into a body of water. It involves throwing the line out into the water using a rod and reel, and then reeling the line back in. The goal is to attract fish to the bait on the end"
0,shuffling feet,"

Shuffling feet is an action performed by humans where one lifts their feet and moves them back and forth in a scuffing motion. This action is often used to indicate restlessness, impatience, or discomfort."
0,falling off chair,"

Falling off a chair is an unintentional action performed by a human, usually caused by a loss of balance. It can be a result of a sudden movement, a misstep, or an external force. The person usually lands on the floor and may suffer from minor to severe injuries, depending"
0,home roasting coffee,"

Home roasting coffee is an action performed by human to roast coffee beans in a home environment. This is done by using a variety of methods such as a stove top, hot air popcorn popper, or a dedicated coffee roaster. Home roasting coffee allows for a more personalized and customized"
0,chopping meat,"

Chopping meat is an action performed by humans to cut meat into smaller, more manageable pieces. This is often done with a knife or other cutting tool, and can be used to prepare the meat for cooking or to make it easier to eat."
0,sawing wood,"

Sawing wood is an action performed by humans using a sawing tool to cut wood into pieces of desired size and shape. It involves pushing and pulling the saw along the wood grain in a repetitive motion to create a clean cut. The sawing motion can be done by hand or with"
0,smelling feet,"

Smelling feet is an action performed by humans, usually as a joke or as an act of comedic relief. It involves bringing one's nose close to another person's feet and inhaling deeply to take in the odor of the feet. The smell is usually unpleasant and can be described as a"
0,roasting pig,"

Roasting a pig is a cooking technique that involves slow-cooking a whole pig over an open fire or in an oven. The pig is typically seasoned with herbs and spices, then cooked for several hours until it is tender and juicy. Roasting a pig is a popular way to prepare"
0,using circular saw,"

A circular saw is a power tool used to make precise cuts in a variety of materials such as wood, metal, and plastic. It is typically used by carpenters, woodworkers, and other professionals who need to make accurate cuts. The saw is powered by an electric motor and is"
0,bathing dog,"

Bathing a dog is an action performed by humans to clean their furry friends. It involves using a special shampoo and conditioner to wash the dog's fur and skin, followed by rinsing and drying. It is important to use the right products and techniques to ensure the dog's skin"
0,blowing bubble gum,"

Blowing bubble gum is an action performed by humans, usually children, in which they blow air through a piece of bubble gum in order to create a large, round bubble. This action requires the user to take a deep breath, place the gum in their mouth, and then blow a steady"
0,cutting orange,"

Cutting an orange is an action performed by a human using a knife or other sharp implement to cut the orange into slices or wedges. This action can be used to prepare the orange for eating, or to add a decorative element to a dish."
0,using a power drill,"

A power drill is a hand-held tool used to drill holes and drive screws into a variety of materials. It is powered by an electric motor and is operated by a trigger switch. It is a versatile tool that can be used to create holes in wood, metal, and other materials."
0,using a microscope,"

Using a microscope is an action performed by humans to magnify and view objects that are too small to be seen by the naked eye. This action involves looking through the eyepiece of the microscope, adjusting the focus, and manipulating the specimen slide to get the best view. To get a"
0,dyeing eyebrows,"

Dyeing eyebrows is a beauty treatment that involves using a dye or tint to change the color of the eyebrows. The dye is usually applied with a brush, cotton swab, or special applicator and left on for a certain amount of time before being removed. It can be used to"
0,playing hand clapping games,"

Hand clapping games are physical actions performed by two or more people in which they clap their hands in a rhythmic pattern. The clapping is usually accompanied by a song or chant, and the players use their hands to create a variety of patterns. The games are usually played by children"
0,roasting marshmallows,"

Roasting marshmallows is an activity that involves using a heat source such as a campfire, fire pit, or stove to heat a marshmallow until it is lightly browned and slightly melted. This activity is often done as a fun outdoor activity, as the marshmallow can then be"
0,jumping bicycle,"

Jumping a bicycle is an action performed by a human rider that involves propelling the bike off the ground with a sudden burst of power. This can be done to clear a gap or obstacle, or to perform a trick or stunt. It requires skill, balance, and coordination, as well"
0,pillow fight,"

A pillow fight is an action performed by two or more people, typically involving two or more pillows. It is usually done for fun, but can also be used as a form of play fighting. The participants typically hit each other with the pillows, either lightly or more forcefully, depending"
0,square dancing,"

Square dancing is a type of folk dance that is usually performed in groups of four couples, or eight people, in a square formation. Each couple follows a sequence of steps and movements that are called out by a caller. The caller also provides directions for the dancers to change partners, move to"
0,wood burning (art),"

Wood burning (art) is an artistic technique in which a heated tool is used to burn designs into wood. The designs are usually created freehand, and the heat of the tool can be adjusted to create different effects. Wood burning can be used to create a variety of works of art,"
0,staring,"

Staring is an action that is performed by humans to indicate interest or to show surprise or disapproval. It involves looking intently at someone or something with a fixed gaze. Staring can also be used to express admiration, curiosity, or intimidation."
0,steer roping,"

Steer roping is an action performed by humans in which a mounted rider ropes a steer using a lariat. The rider must lasso the steer’s horns, neck, or legs and then dismount and tie three of the steer’s legs together. The event is"
0,carving ice,"

Carving ice is an action performed by humans in which they use tools such as ice picks, chisels, and saws to create shapes and sculptures out of blocks of ice. It is a form of art that requires skill and precision to create intricate designs and objects. Carving ice"
0,putting on foundation,"

Putting on foundation is an action performed by humans to even out skin tone and create a more even complexion. It is typically applied with a brush or sponge, and can be either liquid, cream, or powder form. Foundation is usually applied to the face, neck, and décolletage"
0,cracking knuckles,"

Cracking knuckles is an action performed by humans where they bend and straighten their fingers, creating a popping sound. This is caused by the release of gas bubbles from the fluid-filled synovial joint capsule in the fingers. It is a common habit, usually done with both hands"
0,pushing wheelbarrow,"

Pushing a wheelbarrow is a physical action performed by a human in which they use their body strength to move a wheelbarrow filled with items from one place to another. This action involves the pushing of the handles of the wheelbarrow with the hands while the feet are used to"
0,threading needle,"

Threading a needle is the act of passing a thread through the eye of a needle. This is usually done by hand, using the fingers to pull the thread through the eye of the needle. It can also be done with a needle threader, a tool that helps guide the thread through"
0,trimming shrubs,"

Trimming shrubs is an action performed by humans to maintain the shape and size of shrubs. It involves cutting back the branches and stems of a shrub to give it a more uniform and attractive appearance. It can also help control the growth of the shrub, prevent disease, and"
0,leatherworking,"

Leatherworking is a craft and an art form that involves the manipulation of leather to create a variety of products. It involves cutting, stitching, dyeing, and finishing leather to create items such as wallets, bags, clothing, shoes, and furniture. Leatherworking requires a great deal of"
0,changing gear in car,"

Changing gear in a car is an action performed by a human in which the driver uses the gear shift to change the gears of the car. This is usually done to adjust the speed and power of the car in order to drive safely and efficiently. The driver needs to be aware of the car"
0,sword swallowing,"

Sword swallowing is an amazing and dangerous art form that has been performed for centuries. It involves a performer swallowing a long, thin sword or other metal object down their throat and into their stomach. The performer must have a great deal of skill and practice, as the sword must pass through the es"
0,jaywalking,"

Jaywalking is an action performed by humans when they cross a street or highway outside of a designated crosswalk or crossing area. It is considered an illegal and dangerous activity, as it can result in serious injury or death if done in the wrong place or at the wrong time."
0,blowdrying hair,"

Blowdrying hair is a styling technique used to dry and style hair. It involves directing a stream of warm air from a blowdryer onto the hair to remove moisture and create volume and texture. It can also be used to straighten or curl hair, depending on the attachment used"
0,inflating balloons,"

Inflating balloons is an action performed by humans that involves filling a balloon with air or helium gas. This action can be done manually, by using a pump, or with a helium tank. The process of inflating a balloon is often used to create decorations for parties and other events,"
0,dumpster diving,"

Dumpster diving is an activity in which people scavenge through the contents of a dumpster in search of useful items such as food, clothing, furniture, and other discarded items. It is a form of urban foraging that is often used by people who are homeless or have limited financial"
0,opening door,"

Opening a door is an action performed by humans in order to gain access to a room or area. It involves pushing or pulling a handle or knob attached to the door in order to unlock it and then pushing or pulling the door open."
0,mosh pit dancing,"

Mosh pit dancing is an energetic and aggressive form of dancing that is often performed in the mosh pit area of a concert. It involves jumping, pushing, and shoving in a chaotic and often violent manner. It is usually done to the beat of the music, and is often accompanied"
0,winking,"

Winking is a facial expression made by briefly closing one eye. It is a form of nonverbal communication usually used to convey messages of affection, humor, or shared knowing. It is also used to express flirtation, or to silently communicate agreement or understanding between two or more people."
0,using puppets,"

Using puppets as an action performance by humans is a form of storytelling and entertainment. Puppets can be used to create a variety of characters and stories, from silly to serious. Puppeteers use their hands to manipulate the puppets and create a performance that can be enjoyed by all ages"
0,throwing ball (not baseball or American football),"

Throwing a ball is an action performed by humans to propel the ball through the air. It is done by gripping the ball with one or both hands and then releasing it with a throwing motion. The goal is to throw the ball in a specific direction and with a certain force. Depending on"
0,falling off bike,"

Falling off a bike is an action performed by a human when they lose balance and control of their bike, causing them to fall off onto the ground. This can be caused by a variety of factors, such as hitting a pothole, an unexpected obstacle in the road, or simply"
0,head stand,"

Headstand is a yoga pose that requires balance, strength, and flexibility. It involves inverting the body and balancing on the head and arms. It is often used to increase blood flow to the brain, strengthen the core, and stretch the shoulders, neck, and spine."
0,needle felting,"

Needle felting is an art form where a person uses a special barbed needle to interlock wool fibers together to create a three-dimensional object. The needle is repeatedly jabbed into the wool, which causes the fibers to intertwine and form a felt-like material. Needle"
0,preparing salad,"

Preparing a salad involves washing and drying the lettuce, chopping any vegetables or fruits, and adding any desired toppings. If using a dressing, it should be mixed in a separate bowl before adding it to the salad. Once all the ingredients have been added, the salad should be tossed together"
0,scrubbing face,"

Scrubbing face is an action performed by humans to remove dirt, oil, and dead skin cells from the face. It is usually done using a facial scrub or exfoliant, which is a product that contains small particles that help to remove the dirt and dead skin cells. Scrub"
0,breathing fire,"

Breathing fire is a dangerous stunt performed by experienced fire-breathers. It involves inhaling a flammable liquid, such as kerosene, and then exhaling it in a stream of fire. Fire-breathers must take extreme caution when performing this stunt,"
0,sleeping,"

Sleeping is an essential activity that humans perform to rest and restore energy. It involves the body and mind entering a state of unconsciousness for a period of time, typically several hours. During sleep, the body’s metabolism slows and the brain cycles through various stages of sleep,"
0,smoking pipe,"

Smoking a pipe is an action performed by humans in which a pipe is filled with tobacco and lit, allowing the smoke to be inhaled. This action is usually done for recreational purposes, though some people may smoke a pipe for ceremonial or spiritual reasons. The act of smoking a pipe has"
0,weaving fabric,"

Weaving fabric is an action performed by human using a loom to interlace two sets of yarn or thread in order to create a fabric. The two sets of yarn or thread are known as the warp and the weft. The warp threads are held in tension on a frame or lo"
0,alligator wrestling,"

Alligator wrestling is a dangerous sport in which a human engages in hand-to-hand combat with an alligator. It is typically done for entertainment or exhibition purposes, and is not recommended for inexperienced participants. The wrestler typically uses a noose or snare to capture the alligator,"
0,playing ping pong,"

Playing ping pong is an exciting and fast-paced action sport that involves two or more players using wooden paddles to hit a small, light plastic ball back and forth across a net. The players must use skill and strategy to keep the ball in play and score points by making the ball"
0,skipping stone,"

Skipping stones is an action performed by humans in which a small, flat stone is thrown across the surface of a body of water, such as a lake or pond. The aim of the game is to see how many times the stone will bounce or “skip” across the"
0,delivering mail,"

Delivering mail as an action performed by humans involves sorting mail into the correct mailboxes or delivering it to the correct address. This process typically involves sorting mail into specific categories, such as letters, packages, and magazines, and then delivering them to the appropriate locations. It also involves ensuring that"
0,separating eggs,"

Separating eggs is an action performed by humans to separate the egg white from the egg yolk. It is usually done by cracking the egg into a bowl and using a spoon or a fork to gently push the yolk back and forth while the egg white is poured off. This method"
0,bodysurfing,"

Body surfing is a type of wave riding in which the surfer uses their body to ride a wave without the assistance of any type of board or flotation device. It is typically performed in the ocean, although it can also be done in other bodies of water such as rivers, lakes,"
0,playing polo,"

Playing polo is an action sport performed on horseback. It is a team sport that requires skill, technique, and strategy. Players use long-handled mallets to hit a small, hard ball through a goal, attempting to score points. The game is played on a large grass field"
0,rolling pastry,"

Rolling pastry is an action performed by a baker or cook to flatten and shape dough for use in pies, tarts, and other baked goods. It involves pressing the dough with a rolling pin or other tool to achieve a thin, even thickness and a smooth surface. Rolling pastry is"
0,hugging (not baby),"

Hugging is an action performed by humans in which two people embrace each other by putting their arms around each other and holding each other close. Hugging is often used as a sign of affection, love, support, or comfort. It is a non-verbal way to communicate feelings and emotions"
0,longboarding,"

Longboarding is an action sport performed on a longboard skateboard. It is similar to skateboarding, but the boards are typically longer and wider and the rider usually stands in a more upright position. Longboarding is used for a variety of activities, including cruising, downhill racing, slal"
0,tackling,"

Tackling is an action performed by a human in which one person attempts to bring down another person to the ground. It is most commonly seen in contact sports such as football, rugby, and American football, but can also be used in other sports such as basketball and soccer. A tackle"
0,packing,"

Packing is the action of arranging items in a container or other form of packaging in preparation for transport, storage, or sale. This may be done manually or with the assistance of machines. Packing involves selecting the appropriate materials and containers, arranging the items in an efficient manner, and securing"
0,riding snow blower,"

Riding a snow blower is an action performed by a human to clear snow from a surface. It involves sitting on a seat atop the snow blower and using the control levers to direct the machine’s movement and the chute to direct the snow. The snow blower is"
0,sucking lolly,"

Sucking a lolly is an action performed by humans, usually children, where they put the lolly in their mouth and use their tongue and lips to draw the sugary liquid out of the lolly. This action can be used to enjoy the taste of the lolly and to cool"
0,shining flashlight,"

Shining a flashlight is an action performed by humans to provide illumination in a dark environment. It involves turning on a flashlight and directing the beam of light to a desired area. This action can be used to search for objects, light pathways, or to provide a source of illumination in a dark"
0,card throwing,"

Card throwing is an action performed by humans in which a playing card is thrown in an attempt to break a target or achieve a certain distance. It is a form of sport that is often used in competitions or as a recreational activity. Card throwing requires skill, accuracy, and strength. It is"
0,using atm,"

Using an ATM is an action performed by humans to access their bank accounts and withdraw or deposit money. It is a convenient way to access funds, as it is available 24/7 and can be done in a matter of minutes. An ATM card is required to use the machine, and users"
0,playing maracas,"

Playing maracas is an action performed by humans where two small handheld instruments are held in each hand and shaken in a back and forth motion to create rhythmic sounds. The instruments are usually made of hollowed-out gourds filled with small pebbles, seeds, or dried beans"
0,chopping vegetables,"

Chopping vegetables is an action performed by humans that involves cutting vegetables into small pieces. This is usually done with a knife, but can also be done with a food processor or other kitchen tool. Chopping vegetables helps to make them easier to cook and eat, and can also be used to"
0,making paper aeroplanes,"

Making paper aeroplanes is an action performed by humans that involves folding and cutting paper into the shape of an aeroplane. It is usually done by children as a fun activity. To make a paper aeroplane, one needs to start with a rectangular piece of paper. They should"
0,opening bottle (not wine),"

1. Unscrew the cap: To open a bottle, the first step is to unscrew the cap. This can be done by gripping the cap firmly with one hand and using the other hand to turn the cap counterclockwise until it is loose enough to remove.

2"
0,bull fighting,"

Bullfighting is an action performed by human participants, traditionally in Spain, Portugal, and some Latin American countries. It involves a bullfighter, known as a matador, who attempts to maneuver close to a bull and make use of a variety of techniques to manipulate the bull's behavior. The"
0,lawn mower racing,"

Lawn mower racing is an action sport that involves modified lawn mowers being raced around a track. It is usually performed on a dirt oval track, but can also be done on other surfaces such as asphalt or concrete. The mowers are modified to increase their speed and maneuverability."
0,mountain climber (exercise),"

Mountain climbing is an action performed by humans that involves scaling a steep incline, usually up a mountain or large hill. It requires strength, endurance, and skill as climbers must use their hands and feet to traverse the terrain. It can be done for recreational or competitive purposes and is a"
0,tie dying,"

Tie-dying is a creative activity involving the use of fabric dyes and various techniques to create unique patterns and designs on fabric. The process usually involves folding, twisting, or bunching the fabric together, then using rubber bands, string, or other materials to secure the fabric in"
0,geocaching,"

Geocaching is an outdoor recreational activity, in which participants use a GPS-enabled device to hide and seek containers, called ""geocaches"" or ""caches"", at specific locations marked by coordinates all over the world. A typical cache is a small waterproof container containing a logbook"
0,visiting the zoo,"

Visiting the zoo is an action performed by humans that involves going to a zoo to observe and learn about the different animals housed there. It can involve taking a guided tour of the zoo, viewing the animals in their enclosures, and participating in educational activities such as animal shows and feeding."
0,coloring in,"

Coloring in is an activity performed by humans, usually children, which involves using crayons, markers, or colored pencils to color in the outlines or spaces of a picture or design. It can help to develop fine motor skills, hand-eye coordination, and creativity. Coloring"
0,playing scrabble,"

Playing Scrabble is an engaging and fun action that is performed by two or more people. It involves arranging letter tiles on a board to form words. Players must use strategy and creativity to create words that gain them the highest score. The game requires players to think critically and use word knowledge"
0,drooling,"

Drooling is an action performed by humans, usually involuntarily, in which saliva flows from the mouth. It can be caused by a variety of factors, such as the anticipation of food, a medical condition, or a reaction to a stimulus."
0,assembling bicycle,"

Assembling a bicycle is a process of putting together all the components of a bicycle, such as the frame, wheels, handlebars, and pedals. It is typically done by hand, using various tools such as a wrench, screwdriver, and pliers. The process typically begins with"
0,playing blackjack,"

Blackjack is a popular card game in which players compete against the dealer to get as close to 21 as possible without going over. Each player is dealt two cards, and they can choose to hit (take an additional card) or stand (keep their current cards). The dealer must hit until"
0,cooking scallops,"

Cooking scallops involves quickly searing the scallops in a hot pan with a bit of oil or butter. The scallops should be seasoned with salt and pepper beforehand. Once the scallops are seared, they should be flipped over and cooked for another few minutes"
0,building sandcastle,"

Building a sandcastle is a fun activity that can be enjoyed by people of all ages. It involves collecting sand from the beach or other source, and shaping it into a structure using a variety of tools such as buckets, shovels, and molds. The sand is then packed and smoot"
0,tasting wine,"

Tasting wine is an activity that involves the appreciation of the aroma, color, body, and flavor of a wine. The process typically begins by smelling the wine's aroma and noting its intensity. Then, the wine is swirled in the glass to release more of its aromas and to"
0,twiddling fingers,"

Twiddling fingers is an action performed by humans, usually with the hands, in which the fingers are repeatedly moved back and forth in a circular or twisting motion. This action is often used as a sign of impatience, boredom, or anxiety."
0,tying shoe laces,"

Tying shoe laces is an action performed by humans to secure their shoes. It involves interweaving the laces through a series of loops and knots to ensure the laces stay in place. This action requires concentration and dexterity, as the laces must be threaded through the loops in"
0,playing netball,"

Netball is a team sport played by two teams of seven players. It is a fast-paced game that involves passing, catching, and shooting a ball into a net-shaped goal. Players must work together to move the ball up the court, while trying to prevent the opposing team from"
0,ice swimming,"

Ice swimming is a type of winter swimming where swimmers submerge themselves in icy water for a period of time. It is typically done in cold, open-water environments such as lakes, rivers, and oceans. Ice swimming is a popular sport in many countries, and is often done in"
0,shopping,"

Shopping is an action performed by humans to purchase goods or services. It involves the selection, exchange, and consumption of goods and services from a seller in exchange for money. Shopping is often done in stores, online, or through other means such as catalogs. Shopping can also involve comparison"
0,opening refrigerator,"

Opening a refrigerator is an action performed by humans to access the contents inside. It typically involves pulling on a handle or pressing a button to open the door. Once open, the user can view and access the items stored inside."
0,swimming front crawl,"

Front crawl is a swimming stroke performed by humans in which the swimmer propels themselves forward in the water by alternating their arms over their head in a windmill motion and kicking their feet in a flutter kick motion. The swimmer's body is kept in a prone position, facing down"
0,photocopying,"

Photocopying is an action performed by humans to produce copies of documents, images, or other materials. The process involves placing the original document onto a photocopier and pressing a button or lever to activate the machine. The photocopier then uses light to scan the document and create"
0,talking on cell phone,"

Talking on a cell phone is an action performed by humans to communicate with others using a mobile device. This action involves holding the phone to one's ear, speaking into the microphone, and listening to the other person's voice. It can also involve text messaging, video calls, and other forms"
0,repairing puncture,"

Repairing a puncture is an action performed by humans to fix a hole in an inflated object, such as a tire. It usually involves removing the tire from the wheel, inspecting the tire for any additional damage, locating the puncture, and patching or plugging the hole."
0,spelunking,"

Spelunking is an outdoor activity that involves exploring caves and other underground spaces. It is a type of caving that involves crawling, squeezing, and climbing through tight spaces, and involves the use of specialized equipment such as helmets, headlamps, and ropes. Spelunkers"
0,making horseshoes,"

Making horseshoes is a process of shaping metal into a curved shape that fits the hoof of a horse. It involves heating the metal, usually iron, until it is malleable, then hammering it into the desired shape. The horseshoe is then cooled and hardened,"
0,laying stone,"

Laying stone is a process of arranging and securing stones to form a structure or surface. It is a common construction technique used in building walls, walkways, patios, and other structures. The process involves placing stones in a pattern, then securing them in place with mortar, gravel,"
0,putting on mascara,"

Putting on mascara is an action performed by humans to enhance the look of their eyelashes. It involves taking a mascara wand, which is usually a small brush with a curved tip, and coating the eyelashes with mascara. The user will usually start at the base of the eyelashes and w"
0,planing wood,"

Planning wood is an action performed by humans to create a smooth surface on a piece of wood. It is done by running a planer over the wood, which is a tool with a rotating blade that shaves off small pieces of the wood. The planer is used to create a"
0,pinching,"

Pinching is a physical action performed by humans as a form of expression or communication. It involves applying pressure to a person's skin with the thumb and forefinger, typically in order to cause discomfort or pain. It is often used as a form of discipline or punishment, but can also"
0,person collecting garbage,"

Collecting garbage is an important action performed by humans in order to maintain a clean and healthy environment. It involves the gathering and disposal of waste materials, such as food scraps, paper, plastic, and other discarded items. It is typically done by sanitation workers, who wear protective gear and use"
0,putting on lipstick,"

Putting on lipstick is an action performed by humans to enhance their facial features. It usually involves using a lipstick applicator, such as a brush, to apply a thin layer of color onto the lips. The color can range from light and natural shades to bold and dramatic shades. After the color"
0,playing pan pipes,"

Playing pan pipes is a musical performance action typically performed by humans. It involves using a set of pipes made of bamboo, wood, or metal to create a melodic sound. The player manipulates the length of the pipes to create different notes. The player places their lips on the end of"
0,burping,"

Burping is an action performed by humans to release gas from the stomach through the mouth. It is also known as eructation, and is typically caused by swallowing air while eating or drinking. Burping is a normal and natural bodily function, and is often considered socially acceptable in certain contexts"
0,luge,"

Luge is a winter sport where a person rides a small sled down an icy track. The sled is designed to be aerodynamic and the rider lies on their back with their feet pointing forward. The rider uses their body to steer the sled and control its speed. Luge is a timed"
0,cutting apple,"

Cutting an apple is an action performed by humans to divide the apple into smaller pieces. It can be done with a knife, a peeler, or other cutting tools. The action of cutting an apple can be used to prepare the fruit for eating or to create slices or chunks for use"
0,tightrope walking,"

Tightrope walking is an action performed by humans in which a person balances on a thin rope or wire that is suspended in the air, usually between two points. The performer must maintain balance and control of their body in order to avoid falling off the rope. Tightrope walking can"
0,docking boat,"

Docking a boat is a process of maneuvering a boat into a dock or slip in a marina or port. It involves careful navigation and control of the boat as it is maneuvered into the dock, and then tying the boat to the dock with mooring lines. Docking"
0,base jumping,"

Base jumping is an extreme sport where participants parachute or wingsuit from a fixed structure or cliff. It is a dangerous activity and requires knowledge, experience, and skill. Participants use a specially designed parachute or wingsuit to jump from a high structure, and then deploy their parachute to slow their descent"
0,using a paint roller,"

Using a paint roller is a common action performed by humans when painting a wall or other surface. It involves rolling the roller in a back and forth motion to evenly spread the paint on the desired surface. The roller is usually made of a foam or fabric material, and is attached to a handle"
0,karaoke,"

Karaoke is an activity where people sing along to a pre-recorded music track with lyrics displayed on a screen. Participants take turns singing the lead vocal parts of popular songs, usually in a bar or other social setting. It is often accompanied by dancing and alcohol consumption."
0,shaping bread dough,"

Shaping bread dough is an action performed by humans that involves forming the dough into a desired shape. This can be done by hand or with a rolling pin, depending on the recipe. It requires skill and practice to ensure the dough is evenly distributed and shaped correctly. The dough is then left"
0,fidgeting,"

Fidgeting is a type of repetitive, non-functional movement of the body, typically involving the hands, feet, arms, or legs. It is often seen as a sign of restlessness, boredom, or anxiety. Fidgeting can range from tapping one’s foot to"
0,putting on shoes,"

Putting on shoes is an action performed by humans in which they place their feet inside the shoe and then tie the laces or fasten the straps to secure the shoe in place. It is usually done as part of a daily routine before leaving the house."
0,gold panning,"

Gold panning is an action performed by humans to separate gold particles from other sediment. It is done by scooping sediment into a shallow pan and swirling it in water. The heavier gold particles sink to the bottom of the pan and are separated from the lighter sediment that is washed away. Gold"
0,bouncing on bouncy castle,"

Bouncing on a bouncy castle is an action performed by humans that involves jumping up and down on an inflatable structure, typically with a variety of colorful designs and shapes. The activity is often done for fun and can provide hours of entertainment for children and adults alike."
0,cosplaying,"

Cosplaying is an activity in which people dress up as characters from books, comics, movies, TV shows, video games, and other popular media. It is usually done as a form of self-expression or to show appreciation for a particular character or series. It can involve wearing a costume"
0,crossing eyes,"

Crossing eyes is a facial expression that is made by crossing the eyes, usually as a joke or to show surprise. It involves the eyes being moved inward so that the pupils are no longer aligned with each other, creating a crossed-eyed appearance."
0,breaking boards,"

Breaking boards is an action performed by humans, usually in martial arts, where a person breaks a wooden board with their hands, feet, elbows, or other body parts. Breaking boards requires a combination of speed, power, and precision, as the board must be broken in one clean motion."
0,making balloon shapes,"

Making balloon shapes is an action performed by humans using balloons and a pump. It involves blowing up the balloon and then twisting and tying the ends together to form different shapes. The shapes can range from simple animals and flowers to more complicated ones such as swords and hearts. It is a fun and"
0,gospel singing in church,"

Gospel singing in church is a powerful and uplifting experience that brings people together in praise and worship of God. It is often a communal activity, with a choir or congregation singing together in harmony and rhythm. The music is often upbeat and joyful, with a focus on the lyrics and their"
0,tying necktie,"

Tying a necktie is an action performed by humans to secure a necktie around the neck. It involves arranging the two ends of the necktie in a symmetrical knot around the neck, and then adjusting the length and tightness of the knot. The specific type of knot used typically"
0,laying tiles,"

Laying tiles is a task involving precision and accuracy. It involves measuring and cutting the tiles to the right size, and then applying adhesive to the back of the tiles before placing them on the surface. Once the tiles are laid, they must be tapped gently with a mallet to ensure that"
0,adjusting glasses,"

Adjusting glasses is an action performed by humans to readjust the position of their glasses on their face. This action is usually performed by pushing the glasses up the bridge of the nose or pulling them down from the top of the head. It is often done to make the glasses more comfortable and"
0,chiseling stone,"

Chiseling stone is a process of forming and shaping stone by using a chisel and hammer. This technique is used to create sculptures, architectural details, and other decorative elements. It involves striking the stone with a chisel in a specific direction to create a desired shape and texture. Ch"
0,attending conference,"

Attending a conference is an action performed by humans to gain knowledge and information on a particular topic or field. It is a way for people to network and meet others with similar interests. It can also be a great opportunity to learn and grow professionally. Conferences are often held in a variety"
0,backflip (human),"

A backflip is a type of acrobatic maneuver performed by humans in which the performer leaps into the air and rotates their body backwards in a complete somersault while maintaining balance. The performer lands on their feet or hands, depending on the skill level of the individual. Back"
0,making cheese,"

Making cheese is a process that involves transforming milk into a curd-like substance and then pressing and aging it to produce a variety of flavors and textures. The process begins with heating milk to a specific temperature, then adding a starter culture to introduce bacteria that will convert the milk's lactose"
0,fixing bicycle,"

Fixing a bicycle is the process of repairing a bicycle in order to make it operational again. This may involve replacing or repairing components such as the brakes, derailleur, chain, tires, tubes, and wheels. Additionally, it may also involve adjusting the bicycle's frame and components,"
0,making bubbles,"

Making bubbles is an action performed by humans, usually children, in which they use a bubble wand to blow a soapy solution into the air. The wand is usually a hollow loop of plastic or wire with a soapy solution inside. The wand is dipped into the solution and then blown into"
0,throwing tantrum,"

Throwing a tantrum is an action performed by humans when they become overwhelmed with emotion, usually anger or frustration. This action is often characterized by shouting, stomping, throwing objects, and other forms of physical or verbal aggression. It is usually seen as an immature behavior, although it can"
0,curling (sport),"

Curling is a sport in which two teams of four players each slide heavy, polished granite stones across a sheet of ice towards a target area. Each team has eight stones, with each player throwing two. The goal is to get the stones closest to the center of the target area, known"
0,playing gong,"

Playing gong is an action performed by humans to create a loud, reverberating sound. It is usually done by striking a gong with a mallet or stick, creating a deep, resonant sound. The sound produced is often used to mark the beginning or end of a ceremony or"
0,passing american football (not in game),"

Passing American football is an action performed by a human involving throwing a football from one player to another. The passer must throw the ball with enough velocity and accuracy to reach the intended receiver. The receiver must then catch the ball and maintain control of it until they have established themselves in bounds."
0,using a sledge hammer,"

Using a sledgehammer as an action performed by humans is a powerful way to drive a heavy object into the ground or break apart a material. It involves swinging the sledgehammer with a lot of force in order to achieve the desired result. This action is often used in construction, demolition"
0,throwing knife,"

Throwing a knife is an action performed by humans in which a sharpened blade is thrown with the intent to hit a target. The knife is thrown with a throwing grip, a technique in which the handle of the knife is gripped between the thumb and forefinger, and the blade is thrown"
0,passing soccer ball,"

Passing a soccer ball is an action performed by a human in which they kick the ball with their foot in order to move it to a teammate or to a desired location on the field. It is a skill that is used to advance the ball up the field and create scoring opportunities."
0,pirouetting,"

Pirouetting is a type of spinning movement performed by a dancer on the toes. It is usually done in a clockwise or counter-clockwise direction and requires strength, balance, and control. The dancer must use their core muscles to keep the body upright and the arms and legs must"
0,playing pinball,"

Playing pinball is an action performed by humans that involves using a lever to launch a metal ball onto a playing field filled with bumpers, lights, and targets. The goal of the game is to hit as many targets as possible with the ball, while avoiding obstacles, in order to score"
0,sipping cup,"

Sipping cup is an action performed by humans in which they use a cup or mug to take small sips of a liquid such as tea, coffee, or water. This action is usually done to enjoy the flavor of the liquid or to cool down the temperature of the liquid before drinking it"
0,putting in contact lenses,"

Putting in contact lenses is an action performed by humans in which they carefully take a contact lens out of its case, place it on their fingertip, and then gently place the lens on the eye, making sure it is centered and not inside out. The person then blinks several times to"
0,arguing,"

Arguing is a form of communication between two or more people in which opinions or beliefs are expressed in an attempt to convince or persuade the other party. It typically involves an exchange of ideas, opinions, and facts, as well as some level of disagreement or debate. Arguing can be an"
0,making the bed,"

Making the bed involves smoothing out the bedding, tucking in the corners of the sheets and blankets, and arranging the pillows. It is a quick and easy way to make a bedroom look neat and tidy."
0,putting on eyeliner,"

Putting on eyeliner is an action performed by humans to enhance the appearance of their eyes. It involves applying a thin line of eyeliner along the lash line of the upper eyelid, which can be done with a pencil, liquid liner, or a brush. Eyeliner can be used"
0,walking through snow,"

Walking through snow can be an invigorating experience, as the cold air and snow crunching beneath your feet provide a unique sensation. The first step is to make sure you are wearing the proper clothing and footwear. Layers are key to staying warm, as well as waterproof boots that"
0,installing carpet,"

Installing carpet involves several steps. First, the area must be measured and the carpet cut to the appropriate size. Next, the padding or underlayment must be laid down and secured. Once the padding is in place, the carpet can be unrolled and laid down. The carpet must"
0,directing traffic,"

Directing traffic is an action performed by a human to regulate the flow of traffic on a road or in an area. This is typically done by a police officer or traffic controller who uses hand signals, stop signs, or other visual aids to guide and direct drivers. The goal of directing traffic"
0,lighting fire,"

Lighting a fire is an action performed by humans for a variety of reasons, such as providing warmth, cooking food, or creating a signal for help. It involves using a spark or flame to ignite combustible material, such as wood or charcoal, to produce a flame. This action typically"
0,playing marbles,"

Playing marbles is a game that involves rolling, shooting, and hitting small glass or plastic balls, known as marbles, across a surface. The goal of the game is to knock the marbles of other players out of a designated area. Players use their hands or a marble shooter to"
0,calligraphy,"

Calligraphy is an artistic form of handwriting or hand-lettering that is performed by humans using a variety of tools such as brushes, pens, markers, and other writing instruments. It is often used to create beautiful, intricate, and decorative lettering, often in a stylized manner"
0,playing with trains,"

Playing with trains is a fun activity that has been enjoyed by generations of children. It involves constructing a track layout with a variety of pieces and then powering the train with a battery or electric power pack. Once the track is set up, the player can then control the speed and direction of the"
0,mushroom foraging,"

Mushroom foraging is an activity performed by people to collect wild mushrooms for food or medicinal purposes. It involves searching for, identifying, and harvesting mushrooms from their natural habitats, such as forests and meadows. It requires knowledge of mushroom identification and an understanding of the environment in which the"
0,bulldozing,"

Bulldozing is a process of using a heavy piece of machinery, such as a bulldozer, to push material, such as earth, rocks, and debris, out of the way. It is typically used to clear land and prepare it for construction projects, such as roads, buildings,"
0,lifting hat,"

Lifting a hat is an action performed by humans, usually as a sign of respect or politeness. It is a gesture of greeting or farewell, and can also be used to show appreciation or admiration. It is typically done by raising the hat slightly off the head and bowing the head"
0,card stacking,"

Card stacking is a persuasive technique used by individuals or groups to influence public opinion by selectively presenting facts and information. It involves presenting only one side of an argument, omitting any facts or evidence that may contradict or weaken the argument. This technique is often used to create a biased and misleading impression"
0,chiseling wood,"

Chiseling wood is an action performed by humans using a tool, such as a chisel, to carve or shape wood into a desired shape. This is done by holding the chisel at an angle and striking it with a hammer to cut into the wood. Chiseling is often"
0,looking at phone,"

Looking at a phone is an action performed by humans that involves focusing their eyes on the screen of the device in order to access information or perform a task. It can be done for a variety of reasons, such as to make a call, send a message, check the weather, or browse"
0,skiing mono,"

Skiing Mono is an action sport that involves the use of a single ski to glide down a snow-covered slope. The skier uses their body weight to control their speed and direction, and can perform various tricks and stunts. Skiing Mono is a popular recreational activity, and can"
0,cumbia,"

Cumbia is a lively Latin American dance and music style that originated in Colombia. It is a mix of African, Indigenous, and European influences, and is usually accompanied by a drum, a guitar, and a güiro (a percussion instrument made from a dried gourd)."
0,waving hand,"

Waving hand is an action performed by humans in which the hand is moved up and down in a continuous motion. It is often used as a gesture of greeting, farewell, or acknowledgment. It is also used to express excitement, enthusiasm, or agreement."
0,sewing,"

Sewing is an action performed by humans using a needle and thread to join two pieces of fabric together. It is a skill that has been used for centuries to create clothing, quilts, and other items. Sewing can be done by hand or with a machine, and the process"
0,hand washing clothes,"

Hand washing clothes is an action performed by humans to clean garments. It involves soaking the clothes in water, adding detergent, and then rubbing and scrubbing the fabric to remove dirt and stains. After washing, the clothes are then rinsed in clean water and hung up to dry."
0,standing on hands,"

Standing on hands is an acrobatic move performed by humans, usually with the help of a partner. It involves the performer balancing on their hands in a handstand position, with their feet off the ground. It requires a great deal of strength, balance, and coordination, and can be"
0,putting on sari,"

Putting on a sari is a traditional Indian clothing style that is worn by women. It involves wrapping a long piece of fabric around the waist and then draping it over the shoulder and around the body. The fabric is usually made from silk or cotton and can be decorated with intricate embro"
0,vacuuming floor,"

Vacuuming a floor is an action performed by humans to remove dirt, dust, and other debris from a floor surface. This is usually done with a vacuum cleaner, which has a motor that creates suction to draw dirt and debris into a collection bag or canister. Vacu"
0,archaeological excavation,"

Archaeological excavation is a process of carefully uncovering and documenting the remains of past human cultures. It involves the systematic removal of soil and other deposits from an archaeological site in order to locate, study, and preserve artifacts and other evidence of past human activity. Archaeological excavation is a destructive"
0,playing laser tag,"

Laser tag is an action-packed game that involves players using laser guns to tag each other with infrared beams. Players wear special vests that detect when they have been tagged and register a ""hit"" on the opposing team. The goal of the game is to score the most points by"
0,chewing gum,"

Chewing gum is an action performed by humans in which they place a piece of gum in their mouth and move their jaws in a circular motion in order to break down the gum and release its flavor. Chewing gum can help freshen breath, reduce stress, and increase concentration."
0,moon walking,"

Moon walking is a dance move made famous by the late singer Michael Jackson. It involves the dancer sliding backward on their toes while appearing to be walking forward. The dancer's feet are kept close together and the heel of the leading foot is placed down first, followed by the toe. The dancer"
0,playing beer pong,"

Beer pong is a drinking game typically played by two teams of two players. Each team stands at either end of a long table, with a collection of cups set up in a triangle formation at the center of the table. Each team takes turns throwing a ping pong ball into the opposing"
0,combing hair,"

Combing hair is an action performed by humans to style and maintain healthy hair. It involves using a comb or brush to detangle and smooth the hair. It can be done to straighten or curl hair, to remove knots and tangles, and to add body and volume. Combing"
0,yarn spinning,"

Yarn spinning is a process used to create yarn from raw fibers such as wool, cotton, or flax. The process involves taking the raw fibers and twisting them together to form a continuous strand of yarn. The process is typically done by hand, but can also be done using machines."
0,acting in play,"

Acting in a play is the art of performing a role on stage in front of a live audience. It is a highly physical and emotional process that requires an actor to create a believable character and bring it to life through a combination of vocal delivery, facial expressions, body language, and movement"
0,hugging baby,"

Hugging a baby is an act of love and affection. It is a way to show the baby that they are loved and secure. It is a physical form of communication that can also be used to comfort the baby. It can also help to build a bond between the baby and the hug"
0,cooking sausages (not on barbeque),"

Cooking sausages as an action performed by a human involves heating a pan over medium-high heat, then adding a small amount of oil and the sausages. The sausages should be cooked for about 5 minutes, flipping them over regularly to ensure they are cooked evenly."
0,calculating,"

Calculating is an action performed by humans to determine the numerical value of something, or to solve a mathematical problem. It involves the use of mathematics, such as addition, subtraction, multiplication, and division, to arrive at a desired result. Calculating can be done by hand,"
0,using bagging machine,"

Bagging machine is a machine used by humans to quickly and efficiently pack items into bags. It is typically used in the food industry to package food items such as chips, bread, and other snacks. The machine works by placing items into a bag and then sealing the bag with a heat seal"
0,marriage proposal,"

A marriage proposal is an action where one person asks another person to marry them. This usually involves the person proposing getting down on one knee and presenting an engagement ring to the person they are proposing to. The person proposing will often make a romantic speech, expressing their love for the other person and"
0,huddling,"

Huddling is a behavior in which people or animals gather together in a group to share warmth and protection. It is commonly seen in animals such as penguins and dolphins, but can also be seen in humans. Huddling is a form of physical contact that can provide comfort, security"
0,waking up,"

Waking up is an action performed by humans which involves the transition from sleep to wakefulness. It typically involves becoming alert and conscious, and involves the body and mind becoming active and ready to start the day. Waking up typically involves the eyes opening, the body stretching, and the brain"
0,popping balloons,"

Popping balloons is an action performed by humans that involves squeezing or pressing a balloon in order to cause it to burst. This can be done with one’s hands, with a pin or other sharp object, or with a tool such as a balloon popper. Popping balloons is"
0,massaging neck,"

Massaging the neck is an action performed by humans to relieve tension and soreness in the neck and shoulder area. It can be done with the hands, a massage tool, or a massage machine. Massaging the neck can help to improve circulation, reduce stress, and improve range of motion"
0,smashing,"

Smashing is an aggressive physical action performed by a human, typically involving the forceful destruction of an object by striking it with a blunt instrument. It is usually done with the intention of making a loud noise or causing damage to the object."
0,contorting,"

Contorting is a physical action that involves twisting and bending the body into unusual and sometimes extreme positions. It is typically performed by trained acrobats and contortionists, and is often seen in circus performances. It is also used as a form of physical therapy and exercise."
