SNo,Class Name,GPT3 discription
1,Approaching something with your camera,"

Approaching something with a camera is an action performed by a human when they want to take a photograph of something. This action involves moving the camera closer to the subject in order to capture a better quality image. It may also involve adjusting the camera settings to make sure the image is properly"
2,Attaching something to something,"

Attaching something to something is a physical action performed by humans, usually involving the use of tools or other objects. It involves the use of force to hold two objects together, such as nails, screws, bolts, staples, glue, or tape. It can also involve the use of ad"
3,Bending something so that it deforms,"

Bending is the process of applying a force to an object such that it deforms in a specific direction. This action is typically performed by humans, often using their hands, but can also be done with tools such as pliers and hammers. Bending can be used to create a"
4,Bending something until it breaks,"

Bending something until it breaks is an action performed by humans in which an object is manipulated to the point of breaking, usually due to the application of force. This action is often done deliberately to test the strength and durability of an object."
5,Burying something in something,"

Burying something in something is an action performed by humans in which a physical object is placed in the ground or another substance, such as concrete, for safekeeping. This is often done to protect valuable items from theft or damage, or to mark a special occasion or event."
6,Closing something,"

Closing something is an action performed by a human where an object, such as a door, window, or lid, is moved from an open position to a closed position. This action can be done manually, such as by pushing or pulling, or it can be done automatically, such as"
7,Covering something with something,"

Covering something with something is an action performed by humans in order to protect, conceal, or insulate an object from the elements or from damage. It could involve wrapping, taping, or painting an object, or placing a cloth, paper, or plastic sheet over it. Covering"
8,Digging something out of something,"

Digging something out of something is an action performed by humans that involves using tools to remove something from a surface or material. This action can be used to uncover buried objects, excavate materials, or break apart a surface. It can also be used to create a hole or tunnel in a"
9,Dropping something behind something,"

Dropping something behind something is an action performed by humans when they want to discard an item or object. It usually involves throwing the item behind something, such as a wall, a chair, or a desk. This action is often done when people want to get rid of something quickly or when"
10,Dropping something in front of something,"

Dropping something in front of something is an action performed by humans when they want to discard an item or object. This action usually involves the person releasing the object from their hand and allowing it to fall to the ground or in front of another object. The action is often used when people are"
11,Dropping something into something,"

Dropping something into something is an action performed by a human where an object is released from their hand and allowed to fall into another object or container. This action can be used to place items into a container, such as dropping coins into a piggy bank, or to dispose of items,"
12,Dropping something next to something,"

Dropping something next to something is an action typically performed by humans when they want to place an object close to another object. This action can be done intentionally or unintentionally, and it can happen in a variety of scenarios. For example, a person might drop a pen next to a notebook to"
13,Dropping something onto something,"

Dropping something onto something is an action performed by a human where an object is released from a higher position and allowed to fall freely onto a lower position. This action can be intentional or unintentional, and the result of the action depends on the object being dropped and the surface it is being dropped"
14,Failing to put something into something because something does not fit,"

Failing to insert something into something else because it does not fit is a common action performed by humans. This can be seen when trying to fit a round peg into a square hole or when trying to fit a large item into a small space. It can also be seen when trying to fit"
15,Folding something,"

Folding is the process of taking a large piece of material, such as cloth or paper, and making it smaller by pressing and creasing it into a smaller shape. It is a common activity performed by people in everyday life, such as folding clothes or folding paper into shapes."
16,Hitting something with something,"

Hitting something with something is a physical action performed by humans, usually involving two objects. It usually involves striking one object with another, such as hitting a ball with a bat or hammering a nail with a hammer. In some cases, the action may involve striking one object with another object"
17,Holding something,"

Holding something is an action performed by humans when they grasp an object with their hands or arms. It can be done for a variety of reasons, such as to carry an object, support it, or to keep it steady. It is a fundamental skill that is important for everyday life."
18,Holding something behind something,"

Holding something behind something is an action performed by humans to conceal an object from view. It can be done for a variety of reasons, such as to hide an item from someone, to keep it safe, or to surprise someone with a gift. It can also be used to create a"
19,Holding something in front of something,"

Holding something in front of something is an action performed by humans when they need to block or cover something, or to provide a barrier between two objects. It is commonly used to protect oneself from potential danger, to shield something from the elements, or to provide a visual barrier between two people"
20,Holding something next to something,"

Holding something next to something is an action that is performed by humans when they need to compare two items, or when they need to secure an item in place. This action can also be used to help carry an item, or to help keep an item steady while it is being used."
21,Holding something over something,"

Holding something over something is a physical action performed by humans. It involves using one hand to hold an object over another object, such as a book, a piece of paper, or a piece of cloth. This action can be used to protect an item from damage, to keep it in"
22,"Laying something on the table on its side, not upright","

Laying something on the table on its side is an action usually performed when an object needs to be moved from one place to another. This action can be used to save space or to make sure the object is properly secured. It can also be used to make an object easier to reach or"
23,Letting something roll along a flat surface,"

Letting something roll along a flat surface is an action performed by humans to move an object without having to carry it. This action can be used to move heavier objects with less effort, or to move objects over a long distance. It can also be used to move objects in a straight line"
24,Letting something roll down a slanted surface,"

Letting something roll down a slanted surface is an action often performed by humans to move an object from one place to another. This can be done by pushing the object down the slanted surface or by releasing it from the top of the slope and allowing gravity to take over. The object"
25,"Letting something roll up a slanted surface, so it rolls back down","

Letting something roll up a slanted surface is a fun activity that can be performed by people of all ages. It involves placing an object, such as a ball or a wheel, on a slanted surface and then letting it roll back down. This can be done on a variety of"
26,Lifting a surface with something on it but not enough for it to slide down,"

Lifting a surface with something on it but not enough for it to slide down is an action performed by human using their hands and arms. The person must use their strength and leverage to lift the surface up and hold it in place. They must also use their fingers and hands to maintain a"
27,Lifting a surface with something on it until it starts sliding down,"

Lifting a surface with something on it until it starts sliding down is an action performed by humans that requires a certain amount of strength and coordination. It can be done by using one's hands, arms, or a tool such as a lever. When done correctly, the object should be lifted"
28,Lifting something up completely without letting it drop down,"

Lifting something up completely without letting it drop down is an action performed by humans that requires strength, coordination, and balance. It involves using the muscles of the arms, back, and legs to lift an object off the ground and hold it in the air. Proper form is important to ensure"
29,"Lifting something up completely, then letting it drop down","

Lifting and dropping is a common action performed by humans. It involves picking up an object, usually with both hands, and then releasing it so that it drops back down. This action can be used to move objects from one place to another or to help with tasks such as lifting heavy items"
30,Lifting something with something on it,"

Lifting something with something on it is an action performed by humans using their muscles to lift an object with an additional weight on it. This action requires physical strength and coordination to ensure that the item is lifted safely and securely. It also requires balance to avoid any potential accidents or injuries."
31,Lifting up one end of something without letting it drop down,"

Lifting up one end of something without letting it drop down is an action commonly performed by human beings when they need to move, shift, or rearrange an object. This action requires strength and balance, as the person must be able to support the weight of the object while keeping it from"
32,"Lifting up one end of something, then letting it drop down","

Lifting up one end of something and letting it drop down is a type of action commonly known as ""flipping"". This action is typically performed by humans and can be used to reposition an object or to make a statement. Flipping can also be used to demonstrate surprise or excitement."
33,Moving away from something with your camera,"

Panning is a technique used in photography to capture a moving subject by moving the camera with the subject as it moves. It is typically used to capture dynamic action shots of sports or wildlife, but can also be used to create dramatic effects in other types of photography. The camera is usually held"
34,Moving part of something,"

Moving part of something as an action performed by a human is an act of rearranging, shifting, or otherwise manipulating an object or objects for a desired purpose. This could include rearranging furniture, moving boxes, or even disassembling and reassembling a machine."
35,Moving something across a surface until it falls down,"

This action is usually referred to as rolling. Rolling involves moving an object across a surface until it falls down or off the edge of the surface. Rolling can be used to move objects of different sizes and shapes, such as balls, tires, and logs. Rolling is often used to move heavy"
36,Moving something across a surface without it falling down,"

The action of balancing an object is an example of human motor skills. This action requires a person to maintain control over the object by constantly adjusting their body position and movements in order to keep the object from falling. Balancing an object can be done with one or both hands, and can be"
37,Moving something and something away from each other,"

Separating."
38,Moving something and something closer to each other,"

Bringing two objects closer together is an action performed by humans when they want to combine the two items or make them easier to transport. This action can be done by hand or with tools such as a rope or a lever. The objects can be anything from furniture to food items."
39,Moving something and something so they collide with each other,"

The action of colliding two objects together is known as striking. It involves moving one object and then using force to make it collide with another object. This action can be performed by a human, such as when swinging a hammer to hit a nail, or using a bat to hit a ball"
40,Moving something and something so they pass each other,"

Passing something to someone else is an action performed by humans. This involves moving an object from one person to another, such as handing a book to a friend or passing a plate of food around the dinner table. The two objects pass each other in the process, as the object being passed"
41,Moving something away from something,"

Moving something away from something is an action performed by humans that involves physically separating two objects. This action can be done by pushing, pulling, or lifting the object away from the other. It is commonly used to create space between two things or to move an object to a different location."
42,Moving something away from the camera,"

Dolly shot is a filmmaking technique used to describe the action of moving a camera away from a subject while shooting. It is an effective way to create a sense of depth and distance in a scene, and is often used to transition between two different shots. The camera is mounted on a doll"
43,Moving something closer to something,"

Bringing something closer to something else is an action performed by a human that involves physically moving the object closer to the other object. This action can involve picking up the object and moving it closer, or pushing or pulling it closer."
44,Moving something down,"

Moving something down is an action performed by humans that involves the physical displacement of an object from a higher to a lower position. This action can involve pushing, pulling, lifting, or carrying the object. It is often used in a variety of contexts, such as rearranging furniture, loading items"
45,Moving something towards the camera,"

Moving something towards the camera is an action performed by humans in which an object is moved closer to the camera, such as when a person reaches out their hand to hand an object to someone. This action can be used to create dramatic effects in a film or video, or to bring an object"
46,Moving something up,"

Moving something up as an action performed by a human would involve physically picking up the object and placing it in a higher position. This could involve lifting the object, pushing it up, or even using a tool such as a ladder or crane to assist in the movement."
47,Opening something,"

Opening something is an action performed by humans that involves gaining access to something that was previously closed or sealed. This could include opening a door, opening a window, opening a package, or opening a bottle. It could also include opening a bank account, opening a file, or opening a website"
48,Picking something up,"

Picking something up is an action performed by humans using their hands to grasp a physical object and lift it up from one location to another. This action requires the use of the human body, including the arms, hands, and fingers, to move the object from one place to another."
49,Piling something up,"

Piling something up is an action that involves stacking objects on top of each other. It is usually done to organize, store, or move items. This action can be performed by a person, or with the help of a machine. Piling can be done with any type of material,"
50,Plugging something into something,"

Plugging something into something is an action performed by a person to connect an electrical device to a power source. This is done by inserting a plug into a socket or port. It is a common action used to power up or charge various electronic devices, such as phones, laptops, and other"
51,Plugging something into something but pulling it right out as you remove your hand,"

This action is known as plugging and unplugging. It is a common action performed by humans when connecting and disconnecting electrical devices. It involves inserting a plug into a socket and then quickly removing it as soon as the connection is made. This action is commonly used to turn on and"
52,Poking a hole into some substance,"

Poking a hole into some substance is an action that is usually performed by humans using a sharp object such as a needle or a pin. This action is often used to create a small opening in a material, such as fabric, paper, or plastic, to allow air or other substances to"
53,Poking a hole into something soft,"

Poking a hole into something soft is a common action performed by humans. It can be done with a sharp object such as a needle, pin, or paperclip. This action is often used to create an opening to insert something into a material, such as threading a needle through fabric"
54,Poking a stack of something so the stack collapses,"

Poking a stack of something is a physical action performed by a human. It involves pushing an object into a stack of similar objects in order to cause the stack to collapse. This action is often used to knock over a pile of books, boxes, or other items. It can also be"
55,Poking a stack of something without the stack collapsing,"

Poking a stack of something without the stack collapsing is an action performed by humans that requires skill and precision. It involves gently pressing on the top of the stack with one finger or more, applying just enough pressure to move the top items without disrupting the whole stack. This action requires a steady"
56,Poking something so it slightly moves,"

Poking something is an action performed by humans in which they use their finger or another object to gently prod or push something, causing it to move slightly. It is often done to get a reaction from someone or something, or to test something to see how it works."
57,Poking something so lightly that it doesn't or almost doesn't move,"

Poking something lightly is a gentle action performed by humans. It involves using a finger or other pointed object to apply a small amount of pressure to an object, usually with the intention of testing its texture or firmness. The amount of pressure applied is usually minimal, so the object does not"
58,Poking something so that it falls over,"

Poking something so that it falls over is a physical action performed by humans. It involves using a finger or other object to push or prod an object, such as a toy or a stack of blocks, in order to make it fall over. This action can be used to play a game"
59,Poking something so that it spins around,"

Poking something so that it spins around is a form of kinetic energy transfer. It is a physical action performed by a person, usually with their finger, to cause an object to spin or rotate. This action can be used to launch a toy, such as a top, or to spin"
60,Pouring something into something,"

Pouring is an action performed by humans that involves transferring a liquid or other substance from one container to another. It is usually done by using a pouring device, such as a pitcher, measuring cup, or funnel. Pouring can be done carefully to avoid spilling or quickly to fill a container"
61,Pouring something into something until it overflows,"

Pouring something into something until it overflows is an action performed by humans when they want to fill a container to its maximum capacity. This action can be done with any type of liquid or material and is often used when making drinks, filling up a bathtub, or even when measuring ingredients"
62,Pouring something onto something,"

Pouring is an action that involves transferring a liquid or other substance from one container to another. It can be done using a variety of tools, such as a ladle, a pitcher, or a funnel. It is a common action performed by humans in many different contexts, such as when"
63,Pouring something out of something,"

Pouring is an action performed by humans in which a substance, such as a liquid, is released from a container by tilting it or by using a specific tool. It is a common action used to transfer a liquid from one container to another, such as from a pitcher to a glass"
64,Pretending or failing to wipe something off of something,"

Pretending or failing to wipe something off of something is an action that is often performed by humans when they are trying to avoid a task or when they are feeling lazy. This action may involve pretending to wipe something off of a surface, such as a countertop or a table, but"
65,Pretending or trying and failing to twist something,"

Pretending or trying and failing to twist something is an action that is often performed by humans. It involves attempting to turn something in a particular direction, such as a doorknob, or to force an object or material into a different shape. This can be done with hands, feet"
66,Pretending to be tearing something that is not tearable,"

Pretending to tear something that is not tearable is an action performed by humans as a form of expression. It is often used to express frustration, anger, or other emotions that cannot be expressed verbally. It can also be used as a form of comedic relief."
67,Pretending to close something without actually closing it,"

Pretending to close something without actually closing it is a form of deception, usually done to avoid facing a difficult situation or to deceive someone else. It is a common tactic used by people in a variety of situations, from avoiding a difficult conversation to avoiding responsibility for a mistake. This type"
68,Pretending to open something without actually opening it,"

Pretending to open something without actually opening it is a form of deception, often used to create a false sense of suspense or surprise. It can be used in a variety of situations, such as when someone is trying to surprise someone else, or when someone is trying to create a dramatic"
69,Pretending to pick something up,"

Pretending to pick something up is an action commonly performed by humans when they want to make a point or emphasize a particular item. It can be used to draw attention to an object or to make a joke. It is often done with exaggerated movements and expressions."
70,Pretending to poke something,"

Pretending to poke something is an action performed by humans by moving their finger or other object in the direction of the thing they are pretending to poke. It is usually done in a playful manner and is often accompanied by a sound effect or other gesture to indicate that the person is pretending to"
71,"Pretending to pour something out of something, but something is empty","

Pretending to pour something out of something when it's empty is an action performed by humans to simulate pouring something out of a container. This action can be used for humorous or comedic effect, or to indicate that a container is empty."
72,Pretending to put something behind something,"

Pretending to put something behind something is an action performed by humans that involves making a motion as if placing an object behind something else, without actually doing so. This action can be used to deceive others or to make a joke. It is often used in comedic situations, such as when"
73,Pretending to put something into something,"

Pretending to put something into something is an action performed by humans to simulate an action of putting an object into another object. This action can be used to simulate a variety of scenarios such as putting a coin into a piggy bank or placing a toy into a box. It often involves"
74,Pretending to put something next to something,"

Pretending to put something next to something is an action performed by humans when they want to simulate the experience of actually putting something next to something. This action can be used for a variety of reasons, such as pretending to put a toy next to a stuffed animal, or pretending to put"
75,Pretending to put something on a surface,"

Pretending to put something on a surface is an action that can be performed by humans. This action can be used to simulate the act of putting something down, such as a toy or object, without actually doing so. It can be used as a way to practice the motion before actually"
76,Pretending to put something onto something,"

Pretending to put something onto something is an action that involves mimicking the motion of putting something onto something, such as a toy onto a shelf, without actually doing so. This action can be performed by children when playing pretend, or by adults as a form of role-play."
77,Pretending to put something underneath something,"

Pretending to put something underneath something is an action often performed by humans when they are pretending to hide something. This can be done by placing the object under a chair, table, or other item that is large enough to cover the object. It can also be done by pretending to place"
78,Pretending to scoop something up with something,"

Pretending to scoop something up with something as an action performed by a human is a pantomime action. This is when a person pretends to scoop something up with their hands or an imaginary object, such as a spoon. The action could be used to imitate scooping up food"
79,Pretending to spread air onto something,"

Pretending to spread air onto something is an action that is often performed by humans, especially children. This action is usually done with the hands, and involves making a fanning motion with the fingers as if the person is trying to spread air onto something. This action can be used to"
80,Pretending to sprinkle air onto something,"

Pretending to sprinkle air onto something is an action typically performed by children as part of imaginative play. It is often seen in pretend cooking or baking, where children pretend to sprinkle something onto a dish. This action can also be used to add a bit of fun and whimsy to a"
81,Pretending to squeeze something,"

Pretending to squeeze something is an action performed by humans that involves squeezing one's hands together as if they were squeezing an object, but without actually touching an object. It is often done in a playful manner, such as when children pretend to squeeze a lemon or when adults pretend to squeeze"
82,Pretending to take something from somewhere,"

Pretending to take something from somewhere is an action that involves a person imitating the act of taking something from a certain place. This action could involve the person making a grabbing motion with their hands, or using their arms to simulate the act of picking something up. The person might also"
83,Pretending to take something out of something,"

Pretending to take something out of something is an action that involves mimicking the physical process of taking something out of a container or other object. This can involve using one's hands to mimic the process of grabbing an object and removing it from a space, or it can involve using other"
84,Pretending to throw something,"

Pretending to throw something is an action commonly performed by humans, usually as a form of play. It involves mimicking the motion of throwing an object, such as a ball or a toy, without actually releasing it. This action can be used to practice throwing techniques, or to entertain"
85,Pretending to turn something upside down,"

Pretending to turn something upside down is an action performed by humans that involves making a motion with the hands as if to turn an object or person upside down. This action can be used to express surprise, disbelief, or shock, or simply as a playful gesture. It can also be"
86,Pulling something from behind of something,"

Pulling something from behind of something is an action performed by humans to reach or grab an object that is located behind something else. It is usually done by reaching one's arm around the object that is in front and grabbing the item from behind."
87,Pulling something from left to right,"

Pulling something from left to right is an action performed by humans when they want to move an object from one side to the other. This action usually involves using both hands to grab the object and move it in a straight line from left to right. This action can also be done with one"
88,Pulling something from right to left,"

Pulling something from right to left is an action performed by humans using their hands or arms to move an object from the right side to the left side. This action can be done with one or both hands depending on the size and weight of the object."
89,Pulling something onto something,"

Pulling something onto something is an action performed by humans when they use physical strength to move an object from one place to another. This action can involve lifting, dragging, or pushing the object onto the desired surface. This action is commonly used when moving heavy objects, such as furniture or appliances"
90,Pulling something out of something,"

Pulling something out of something is an action performed by humans when they want to take something out of a container or a larger object. This action can involve using one's hands, a tool, or a combination of both. It can also involve the use of force to extract the object from"
91,Pulling two ends of something but nothing happens,"

This action is known as pulling a deadlock. It is a common action performed by humans when they are trying to open a locked door or container but the lock is not responding. The action involves pulling both ends of the lock in opposite directions in an attempt to open it, but with no"
92,Pulling two ends of something so that it gets stretched,"

Pulling two ends of something is an action that is typically performed by humans when they want to stretch something. This can be done with a variety of materials, such as elastic bands, ropes, strings, and fabrics. The action involves pulling the two ends of the material in opposite directions until"
93,Pulling two ends of something so that it separates into two pieces,"

Pulling apart is an action performed by humans to separate two objects or pieces by pulling the two ends in opposite directions. This action can be used to separate a variety of objects such as rope, paper, fabric, and more."
94,Pushing something from left to right,"

Pushing something from left to right is an action performed by using physical force. It involves moving an object in a linear motion from one side to the other. This action can be done with hands, feet, or any other body part that is strong enough to move the object. It is"
95,Pushing something from right to left,"

Pushing something from right to left is an action performed by using physical force to move an object from its current position towards the left. This is typically done by using one's hands or feet to physically push the object in the desired direction. This action can be performed on a variety of objects"
96,Pushing something off of something,"

Pushing something off of something is an action performed by humans when they need to move an object away from them. This action involves placing the palms of one's hands on the object and using force to move it away. This action can be used to move a heavy object, or to move"
97,Pushing something onto something,"

Pushing something onto something is an action performed by a person that involves applying physical force to an object in order to move it from one place to another. This action is often used when trying to move heavy objects, such as furniture, or when trying to open a door. It can also"
98,Pushing something so it spins,"

Pushing something so it spins is an action performed by humans that involves applying force to an object in order to cause it to rotate around an axis. This action can be done with a variety of objects, such as tops, wheels, and even coins. It is often used to demonstrate physical"
99,Pushing something so that it almost falls off but doesn't,"

Pushing something to the brink of falling off is an action performed by humans to test the limits of an object's stability. This action is often done in a playful or daring manner and can be used to create suspense or surprise. It can also be used to demonstrate a person's strength or"
100,Pushing something so that it falls off the table,"

Pushing something so that it falls off the table is an action performed by a human using physical force. This action could be intentional or accidental, depending on the circumstances. The force used in this action could range from a gentle nudge to a firm shove. The result of this action is"
101,Pushing something so that it slightly moves,"

Pushing is the act of applying force to an object so that it moves away from the source of the force. It can be done with a hand, foot, arm, or other body part, or with an instrument such as a stick, pole, or lever. Pushing is distinct"
102,Pushing something with something,"

Pushing is an action performed by a human using a body part or an object to move something from one place to another. It involves exerting force on an object to move it away from the person pushing it. Pushing can be done with hands, feet, arms, legs, or"
103,Putting number of something onto something,"

The action of putting number of something onto something is known as counting. Counting is a process of determining the number of elements in a given set of objects. It involves assigning a numerical value to each object in the set and then adding up all the numbers. Counting can be done using"
104,Putting something and something on the table,"

Putting a plate of food and a glass of water on the table is an action performed by humans. This action is often done when preparing a meal or when setting the table for a meal."
105,Putting something behind something,"

Putting something behind something is an action performed by humans to hide or store something in a place where it cannot be seen or easily accessed. It can also be used to block out light or sound. This action can be done with physical objects, such as putting a book behind a couch, or"
106,Putting something in front of something,"

The action of placing something in front of something is known as positioning."
107,Putting something into something,"

Putting something into something is an action of inserting or placing an object or items into a container, space, or other object. It is a common action performed by humans in everyday life, such as putting food into a bag, clothes into a drawer, or books into a shelf."
108,Putting something next to something,"

The action of placing something next to something is referred to as juxtaposition. It is a technique used in art, literature, and other forms of communication to emphasize the differences between two items. It can be used to draw attention to similarities, as well as differences, between two objects, ideas"
109,Putting something on a flat surface without letting it roll,"

The action of placing something on a flat surface without letting it roll is known as flat-placing. It requires the person to carefully balance the item on the flat surface, making sure it does not roll or slide off."
110,Putting something on a surface,"

Putting something on a surface is an action performed by a human where an object is placed on a flat surface. This action can be done with either one hand or two hands, depending on the size and weight of the object. The object can be placed on the surface in a variety of ways"
111,Putting something on the edge of something so it is not supported and falls down,"

This is called teetering."
112,Putting something onto a slanted surface but it doesn't glide down,"

The action of placing something onto a slanted surface is known as tilting. This action is typically performed by a human, and involves placing the object on the slanted surface so that it does not immediately slide down."
113,Putting something onto something,"

The action of putting something onto something is known as placing. This is typically done by hand, although machines can also be used to do this. Placing involves the physical act of taking an object and placing it onto another object or surface."
114,Putting something onto something else that cannot support it so it falls down,"

The action is ""overloading""."
115,Putting something similar to other things that are already on the table,"

Describing something as similar to other things on the table is a process of comparison. This involves comparing two or more items to determine their similarities or differences. It is a common cognitive process used in problem solving, decision making, and learning."
116,"Putting something that can't roll onto a slanted surface, so it slides down","

Putting something that can't roll onto a slanted surface is an action performed by humans to make the object slide down the surface. This can be done by placing the object at the top of the slanted surface and letting gravity do the work. The object will then slide down the surface until"
117,"Putting something that can't roll onto a slanted surface, so it stays where it is","

This action is called anchoring."
118,"Putting something that cannot actually stand upright upright on the table, so it falls on its side","

This action is commonly known as ""tipping over"" something. It involves placing an object that cannot stand upright on a flat surface such as a table, so that it falls on its side. This action is usually done intentionally, as a way of expressing frustration or anger. It can also"
119,Putting something underneath something,"

The action of putting something underneath something is known as ""stacking"". This is typically done by placing one item on top of another, such as books on a shelf or boxes in a storage unit. Stacking can also refer to the process of arranging items in a particular order, such as"
120,Putting something upright on the table,"

The action is known as ""placing upright""."
121,"Putting something, something and something on the table","

Putting a plate of food, a glass of water and a napkin on the table is an action performed by humans to set the table for a meal."
122,"Removing something, revealing something behind","

Removing is an action performed by humans to take away something, revealing something that was previously hidden behind it. This can be done for a variety of reasons, such as to improve the aesthetics of a space, to gain access to something that was previously blocked, or to reveal a surprise."
123,Rolling something on a flat surface,"

Rolling something on a flat surface is an action performed by humans that involves using force to move an object across a flat surface. This can be done by pushing, pulling, or propelling the object with a hand or foot. Rolling is often used to move heavy or bulky objects, such"
124,Scooping something up with something,"

Scooping is an action performed by humans using an object, such as a spoon, shovel, or scoop, to pick up and move a substance or object. This action can be used to move food, dirt, or other materials. Scooping is a common form of manual labor and"
125,Showing a photo of something to the camera,"

Showing a photo to the camera is an action performed by a person to display a visual image of something to the audience. This action can be done for a variety of reasons, such as to demonstrate a product or to show a particular scene. It may be done in a variety of ways"
126,Showing something behind something,"

Showing something behind something is an action performed by humans to reveal something that is not immediately visible. This can be done by either lifting an object or item to reveal what is behind it, or by simply pointing to something that is hidden. It is commonly used to reveal a surprise or to"
127,Showing something next to something,"

Showing something next to something is an action performed by humans to demonstrate the relationship between two items or objects. This action can be used to compare and contrast two things, to highlight similarities and differences, or to emphasize the importance of one item over another. It can also be used to provide"
128,Showing something on top of something,"

Showing something on top of something is an action of placing one object on top of another object. This action can be performed by a person or by a machine. It can also be done with the help of a tool such as a shovel, a forklift, or a crane. This"
129,Showing something to the camera,"

Showing something to the camera is an action that involves holding up an object or pointing to a location while looking directly at the camera. This can be used to demonstrate a product or to explain a concept. It is often used in video tutorials and other instructional videos."
130,Showing that something is empty,"

Showing something is empty as an action performed by a human could involve opening the container and looking inside to confirm that it is empty. Additionally, the person could shake the container to make sure that nothing is inside."
131,Showing that something is inside something,"

The action of demonstrating that something is inside something is called ""unpacking"". For example, if someone was unpacking a box, they would be taking out the contents of the box to show what is inside."
132,Something being deflected from something,"

Deflection is the action of redirecting something away from its original course. It can be performed by humans to protect themselves from incoming objects or to redirect the course of a projectile. Deflection is commonly seen in sports such as baseball and tennis, as well as in martial arts and self-"
133,Something colliding with something and both are being deflected,"

A person deflecting an incoming object with a shield is an example of something colliding with something and both being deflected as an action performed by a human. In this scenario, the person is using the shield to protect themselves from the incoming object, such as an arrow or a rock."
134,Something colliding with something and both come to a halt,"

The action of two people coming to a halt after colliding with each other is a common occurrence in everyday life. For example, when two people are walking in a crowded area and they accidentally bump into each other, they will both come to a stop and then continue on their way. This"
135,Something falling like a feather or paper,"

The action of dropping something like a feather or paper is called fluttering. It is usually done by gently releasing the object from one's hand so that it slowly falls to the ground. Fluttering is often used to create a calming or calming effect, as the object slowly drifts down with"
136,Something falling like a rock,"

Throwing a rock is an action performed by humans to propel a rock or other small object through the air. The action is typically done with the arm, using a throwing motion to launch the rock with the hand. It can also be done with a slingshot or other device that uses"
137,Spilling something behind something,"

Spilling something behind something is an action performed by a human where an individual accidentally drops or spills a liquid or solid material behind an object or area. This action is usually accidental and can lead to messes and clean-up efforts."
138,Spilling something next to something,"

Spilling something next to something is an action performed by humans when they accidentally drop or pour a liquid or other substance onto an adjacent object or surface. This can be done accidentally, or deliberately as part of a cleaning or other task."
139,Spilling something onto something,"

Spilling something onto something is an action performed by humans when a liquid or other substance is unintentionally released onto a surface. It can be caused by a variety of factors, such as an object being knocked over, a container being dropped, or an accidental spill. The resulting mess can be difficult"
140,Spinning something so it continues spinning,"

Spinning something is an action performed by humans to keep an object spinning. This is usually done by holding the object in one hand and using the other hand to spin the object. The object can be spun in a clockwise or counter-clockwise direction, depending on the desired effect."
141,Spinning something that quickly stops spinning,"

Spinning is an action performed by humans that involves quickly rotating an object around its axis. It can be done with a variety of objects, such as a top, a wheel, or a plate. When the object stops spinning, it is said to have ""stopped spinning."""
142,Spreading something onto something,"

Spreading something onto something is an action performed by humans that involves taking a substance or material and spreading it onto a surface. This action can be done with a variety of materials, such as paint, glue, or even food. It is often used to cover a surface or to add a"
143,Sprinkling something onto something,"

Sprinkling is an action performed by humans in which a substance is scattered or dropped onto a surface from above. This action is often used when applying a seasoning or topping onto food, such as sprinkling salt or sugar over a dish. Sprinkling can also be used to spread fertilizer"
144,Squeezing something,"

Squeezing something is an action performed by humans in which an object is compressed or pressed together. This can be done with hands, fingers, arms, or other objects. Squeezing can be used to extract juice from fruits, vegetables, and other food items, or to hold an"
145,Stacking number of something,"

Stacking number of something as an action performed by a human is the act of arranging a number of items into a neat and orderly pile. This is often done to organize items, make them easier to transport, or to save space. It is a common practice in many households and businesses,"
146,Stuffing something into something,"

Stuffing something into something is an action that involves placing an item into a container or other object. This action is often performed by humans, and can be done with a variety of items, such as clothing, food, or other objects. Stuffing something into something can be done for"
147,Taking one of many similar things on the table,"

Taking one of many similar things on the table is an action performed by humans when they select one item from a group of similar items. This action is usually done by visually examining the items and selecting one that meets the desired criteria. The selection process can also involve touching or feeling the items to"
148,Taking something from somewhere,"

Taking is an action performed by humans in which an object or item is removed from its original place or location and taken to a new place. This action may be intentional or unintentional, and can involve physical movement or the transfer of ownership. Taking may also refer to the act of borrowing or stealing"
149,Taking something out of something,"

Removing is the action of taking something out of something. It can involve taking an object out of a container, such as taking a book out of a bag, or taking an item out of a larger group, such as taking a shirt out of a pile of clothes. It can also"
150,Tearing something into two pieces,"

Tearing something into two pieces is an action performed by human when they want to separate a larger object into two smaller pieces. It is usually done by pulling the object apart with their hands, or by using a tool such as scissors or a knife. The resulting pieces are usually smaller than the"
151,Tearing something just a little bit,"

Tearing something just a little bit is an action performed by humans when they want to remove a small piece of an item. This can be done with paper, fabric, or other materials. It is usually done with fingers or a pair of scissors. It can also be used to create a"
152,Throwing something,"

Throwing is an action performed by humans in which an object is propelled in a particular direction with a certain force. It can be done for various reasons, such as for sport, recreation, self-defense, or as a form of attack. Examples of throwing include throwing a ball, throwing"
153,Throwing something against something,"

Throwing something against something is an action performed by humans when they want to express their anger or frustration. It can involve throwing objects, such as rocks, bottles, or other items, against a wall or other surface. It can also involve throwing punches or kicks at someone or something. This"
154,Throwing something in the air and catching it,"

Throwing something in the air and catching it is an action that is often performed by humans as a form of play or recreation. It can involve tossing and catching a variety of objects, such as a ball, Frisbee, or even a hat. This activity can be done alone or"
155,Throwing something in the air and letting it fall,"

Throwing something in the air and letting it fall is an action that is often performed by humans, usually as a form of play. This action can involve throwing a variety of objects, such as a ball, a Frisbee, or even a small toy. The object is typically thrown"
156,Throwing something onto a surface,"

Throwing is the act of propelling an object through the air using the arm and hand. It is a common human action and can be used for a variety of purposes, such as throwing a ball, throwing a dart, or throwing a Frisbee. Throwing can also be used"
157,Tilting something with something on it slightly so it doesn't fall down,"

Tilting something with something on it slightly as an action performed by a human would involve the person carefully adjusting the angle of the object, while supporting the weight of the object and any items on it, so that it does not fall down. The person would need to use their hands to"
158,Tilting something with something on it until it falls off,"

Tipping over an object with something on it until it falls off is an action performed by humans. This action is usually done by applying pressure to one side of the object, causing it to tilt and eventually fall over. The object can be tipped over with either a hand or another object,"
159,Tipping something over,"

Tipping something over is an action performed by humans in which an object is pushed or lifted so that it falls over and lands on its side or face. This action could be done accidentally or intentionally, and it can be done with a variety of objects, such as furniture, books, toys"
160,"Tipping something with something in it over, so something in it falls out","

Tipping something over with something in it is an action performed by humans when they want to get the contents of the container out. This is often done by holding the container at an angle and then quickly flipping it over, so that the contents come out."
161,Touching (without moving) part of something,"

Touching is a physical action performed by humans when they place their hands or fingers on an object without moving it. It can be used to explore the surface of an object or to communicate a feeling of comfort. It can also be used to convey a sense of caring or affection."
162,Trying but failing to attach something to something because it doesn't stick,"

The action of trying but failing to attach something to something because it doesn't stick is known as an unsuccessful attempt at adhesion. This could involve someone attempting to stick a piece of tape to a wall, but the tape does not adhere. Other examples include attempting to glue two items together but"
163,Trying to bend something unbendable so nothing happens,"

This action is impossible, as it is impossible to bend something unbendable."
164,"Trying to pour something into something, but missing so it spills next to it","

The action of pouring something into something and missing, causing it to spill next to it, is known as a spill."
165,Turning something upside down,"

Turning something upside down is an action that can be performed by humans. It involves rotating an object or item so that the upper side is now facing downwards. This action can be done for various reasons, such as to access a hidden area of the item, to change its orientation for a"
166,Turning the camera downwards while filming something,"

Turning the camera downwards while filming is an action performed by a human to capture a different angle. This action can be used to create a more dynamic shot or to emphasize a certain object or person in the frame. It can also be used to capture a different perspective of a scene or to"
167,Turning the camera left while filming something,"

Turning the camera left is a common action performed by a human when filming something. It involves the camera operator physically turning the camera to the left in order to capture a different angle or perspective of the scene. This action can be used to create a more dynamic shot or to follow a subject"
168,Turning the camera right while filming something,"

Turning the camera right while filming something is an action performed by a human to capture a wider angle of a scene. This action is usually done to capture a larger landscape or to capture a wider view of the subjects in the scene. It can also be used to capture more of the background"
169,Turning the camera upwards while filming something,"

Turning the camera upwards while filming is a technique used to capture a wide angle shot or to create a sense of awe and wonder. It is often used to show the grandeur of a scene, to emphasize the size of an object, or to give a sense of perspective. This technique"
170,Twisting (wringing) something wet until water comes out,"

Twisting (wringing) is an action performed by humans to remove excess water from a wet material such as clothing, towels, or mops. The action involves twisting the material in a circular motion, usually with both hands, until the water is squeezed out. This technique is often"
171,Twisting something,"

Twisting is a physical action performed by humans, typically with the hands, to cause an object to rotate around its axis. It is commonly used to tighten or loosen objects, such as screws and bolts, or to create a rope or yarn from a strand. Twisting can also be used"
172,Uncovering something,"

Uncovering something is the process of discovering or revealing something that was previously hidden or unknown. It can involve uncovering something that has been deliberately concealed or something that has been forgotten or overlooked. It can also involve uncovering something that has been lost or buried. Uncovering something can"
173,Unfolding something,"

Unfolding something is an action performed by humans to open or expand something that is closed or folded. It can be used to open a map, a piece of paper, or even a piece of clothing. Unfolding something can also be used to reveal a hidden message or object."
174,Wiping something off of something,"

Wiping is an action performed by humans to remove something from a surface. This action can be done with a cloth, paper towel, sponge, or other material. It is often used to clean surfaces, such as tables, countertops, and floors. It can also be used to remove"
